1301,E00012
1332,E00014
1334,E00020
1352,E00017
1376,E00004
1377,E00006
1378,E00007
1379,E00008
1380,E00344
1381,E00009
1382,E00010
1383,E25969
1400,E05479
1401,E00323
1405,E04042
1407,E00327
1408,E05594
1413,E00325
1414,E00329
1417,E24558
1418,E24512
1419,E27305
1420,E27273
1491,E00027
1514,E21342
1515,E00036
1518,E00037
1605,E00043
1606,E23800
1661,E00040
1662,E00041
1711,E05452
1712,E05444
1716,E00320
1717,E05377
1718,E00315
1719,E00317
1720,E00316
1721,E00322
1722,E00318
1723,E00313
1724,E05326
1726,E00312
1728,E00309
1730,E00308
1734,E00306
1736,E00304
1737,E00303
1738,E05065
1739,E00302
1743,E00299
1757,E00288
1758,E00287
1762,E00285
1764,E00282
1766,E00281
1768,E00279
1770,E00277
1771,E00276
1773,""
1775,E00273
1776,E00272
1777,E00271
1780,E00268
1782,E00267
1783,E00263
1787,E00260
1788,E00259
1789,E00258
1793,E00255
1795,E00254
1798,E00251
1799,E00250
1801,E00052
1802,E00055
1803,E00053
1805,E00063
1807,E00167
1808,E00090
1810,E00064
1811,E00069
1812,E00058
1813,E00097
1814,E00093
1815,E00065
1819,E00070
1820,E00060
1821,E00085
1822,E00095
1824,E00051
1826,E00121
1827,E00105
1828,E00242
1832,E01855
1833,E00083
1834,E00111
1835,E00112
1840,E00240
1841,E00101
1844,E00239
1846,E00099
1847,E00117
1848,E00238
1850,E00118
1852,E00120
1853,E00130
1860,E00147
1861,E00056
1865,E00174
1866,E00175
1867,E00179
1868,E00235
1869,E00201
1870,E00148
1871,E01161
1873,E00197
1878,E00218
1879,E00221
1881,E00049
1882,E00066
1883,E00061
1884,E00067
1885,E00080
1888,E00081
1890,E00082
1892,E00079
1893,E00086
1896,E00156
1897,E00133
1898,E00176
1899,E00196
1904,E00233
1905,E00232
1906,E00231
1909,E25282
1911,E00011
1914,E00204
1916,E00178
1919,E00170
1921,E01394
1924,E00624
1925,E00048
1926,E00098
1928,E00143
1929,E00142
1930,E00207
1931,E00127
1933,E00198
1934,E00137
1935,E00193
1936,E00191
1937,E00184
1938,E00185
1939,E00181
1941,E00073
1942,E00074
1944,E00075
1945,E00092
1946,E00076
1948,E02569
1949,E00114
1950,E00115
1951,E00094
1952,E00227
1954,E00078
1956,E00129
1959,E00146
1960,E00173
1961,E00107
1963,E01575
1964,E00119
1965,E00225
1966,E00209
1967,E00138
1968,E00113
1969,E00149
1971,E00091
1972,E00109
1973,E00210
1975,E00153
1976,E00161
1978,E00186
1979,E00183
1980,E00194
1981,E00189
1982,E00168
1983,E00200
1984,E00202
1987,E00211
1989,E00213
1992,E00182
1994,E00222
1997,E00246
1999,E00248
2001,E00345
2002,E00346
2003,E00347
2004,E00348
2006,E00350
2008,E00352
2009,E00351
2052,E00438
2053,E00439
2055,E00454
2056,E00440
2058,E00502
2107,E00354
2108,E00355
2109,E00356
2112,E00361
2114,E00360
2117,E25648
2120,E05624
2121,E05617
2122,E05623
2124,E05625
2127,E05629
2128,E05616
2130,E05153
2131,E04749
2132,E05620
2134,E03745
2136,E05657
2137,E05670
2138,E05621
2139,E05668
2144,E05596
2145,E05681
2146,E05698
2148,E05686
2150,E05684
2151,E05685
2152,E05691
2153,E05706
2154,E05695
2155,E05693
2156,E05701
2157,E04751
2158,E05700
2159,E05704
2160,E05712
2162,E05676
2163,E05717
2164,E05716
2165,E05718
2168,E05729
2169,E05726
2170,E05727
2172,E05740
2173,E05737
2174,E05733
2175,E05697
2176,E20922
2178,E21322
2179,E21514
2180,E21381
2181,E21261
2182,E21682
2183,E21706
2185,E22042
2186,E22049
2190,E22551
2191,E22621
2193,E22663
2195,E23634
2196,E24017
2198,E24550
2201,E00369
2204,E00372
2206,E00373
2207,E00376
2208,E00380
2209,E00371
2211,E00374
2212,E00375
2215,E00377
2216,E00378
2217,E00381
2218,E00382
2220,E00385
2221,E00386
2222,E00387
2224,E00388
2226,E00389
2228,E00392
2229,E25303
2264,E00331
2266,E00337
2267,E00406
2268,E00474
2269,E21902
2270,E23202
2281,E00335
2282,E00334
2284,E00336
2286,E00443
2288,E00458
2290,E00340
2291,E00341
2292,E00342
2293,E00343
2294,E03283
2300,E05278
2301,E05286
2303,E05289
2304,E05288
2305,E03393
2307,E05291
2309,E05292
2311,E05293
2315,E05331
2317,E05283
2321,E05297
2322,E05298
2323,E05302
2325,E05299
2326,E05303
2327,E05304
2329,E05307
2330,E05308
2331,E05309
2332,E05310
2335,E05312
2337,E05314
2338,E05315
2340,E04727
2341,E05316
2342,E05317
2344,E05319
2345,E05320
2349,E05322
2351,E05324
2352,E05513
2353,E05327
2354,E05328
2359,E05332
2362,E05335
2369,E05349
2370,E05351
2371,E05350
2372,E05352
2373,E05353
2374,E05354
2375,E05356
2376,E00744
2378,E05361
2379,E05368
2384,E04224
2385,E05367
2388,E00745
2389,E05374
2391,E05378
2393,E05381
2395,E05385
2397,E05389
2398,E05393
2399,E05394
2400,E05398
2402,E05403
2404,E05409
2405,E05396
2406,E05408
2408,E05416
2410,E05419
2411,E05417
2412,E05423
2413,E05425
2415,E05428
2417,E05433
2418,E05411
2419,E05436
2425,E05440
2427,E05447
2428,E05458
2429,E05467
2432,E05460
2433,E05410
2434,E05464
2435,E05478
2436,E05477
2437,E05450
2438,E05483
2440,E05456
2445,E05493
2447,E05489
2449,E05498
2450,E05501
2451,E05499
2453,E05509
2454,E05514
2458,E05520
2459,E05527
2461,E05533
2462,E05536
2464,E05524
2466,E05522
2467,E05544
2468,E05535
2469,E05550
2471,E05555
2475,E05560
2477,E05564
2479,E05569
2480,E05575
2481,E05576
2483,E05579
2484,E05584
2485,E05585
2487,E05598
2488,E05593
2489,E05599
2491,E05149
2492,E05609
2493,E05611
2497,E05562
2498,E05646
2499,E05631
2501,E00393
2502,E00394
2503,E00395
2531,E00396
2533,E00397
2538,E00399
2540,E00400
2551,E00422
2573,E00408
2579,E00417
2580,E00423
2587,E27622
2588,E27294
2590,E00424
2593,E00414
2594,E00491
2597,E00505
2599,E00421
2602,E00428
2607,E00431
2608,E00430
2611,E00432
2612,E00433
2613,E00434
2651,E03345
2652,E03347
2653,E03349
2654,E02917
2655,E03348
2656,E05112
2658,E02919
2659,E03352
2660,E03353
2662,E03350
2664,E03356
2665,E05076
2666,E03355
2667,E02922
2668,E02923
2669,E03358
2670,E02925
2673,E03360
2674,E03361
2675,E03359
2676,E02927
2678,E03363
2681,E03367
2683,E03365
2685,E03368
2686,E03370
2687,E03372
2689,E02928
2692,E02931
2693,E02932
2694,E03374
2695,E03375
2698,E03377
2700,E02934
2702,E03366
2703,E02937
2705,E03380
2706,E02463
2708,E02938
2710,E02939
2712,E03382
2714,E02940
2715,E02941
2719,E03247
2721,E05241
2722,E03386
2724,E05237
2726,E03387
2729,E04761
2730,E03399
2733,E02947
2734,E03408
2735,E03391
2736,E03392
2737,E02946
2742,E03395
2743,E02949
2747,E03397
2749,E05306
2750,E02952
2751,E02953
2752,E03400
2753,E03398
2754,E03401
2759,E02954
2760,E02955
2761,E02956
2762,E03404
2763,E03405
2764,E03406
2766,E02957
2767,E03407
2768,E02958
2769,E03409
2772,E03410
2773,E02959
2776,E02960
2777,E02961
2778,E03415
2780,E03416
2782,E03418
2784,E02962
2786,E03419
2788,E02963
2789,E03422
2790,E03421
2791,E03423
2792,E03424
2795,E02964
2796,E05379
2798,E03428
2799,E02965
2801,E00435
2802,E00436
2804,E00466
2805,E00452
2806,E00465
2809,E00464
2810,E00462
2811,E00444
2812,E00475
2813,E00478
2814,E00484
2815,E00486
2816,E00501
2817,E00507
2818,E00513
2819,E00514
2830,E00503
2831,E00508
2871,E00446
2872,E00447
2874,E02576
2875,E00461
2876,E00488
2877,E00498
2882,E25551
2892,E00442
2894,E00453
2897,E00457
2899,E00469
2901,E00471
2902,E00472
2903,E00473
2904,E00476
2905,E00477
2907,E00480
2908,E00481
2910,E00482
2911,E00487
2914,E00492
2915,E00493
2916,E00494
2917,E00495
2918,E00496
2919,E00497
2922,E00506
2923,E00510
2924,E00511
2925,E00512
2926,E00515
2927,E01064
2928,E00518
2929,E02484
2930,E26549
2931,E27054
3001,E00524
3002,E00520
3003,E00523
3004,E02542
3010,E00521
3011,E00585
3020,E03472
3021,E03465
3022,E02996
3023,E02547
3024,E02997
3027,E03466
3028,E03475
3030,E03473
3031,E05563
3032,E03474
3034,E03476
3035,E02995
3036,E02998
3038,E02999
3040,E05592
3041,E05597
3042,E05606
3043,E05600
3045,E03000
3046,E03471
3047,E03482
3048,E03481
3050,E03489
3053,E03478
3054,E05627
3055,E03003
3057,E03486
3058,E03487
3059,E03494
3063,E03495
3064,E03497
3065,E03490
3066,E03500
3067,E03485
3068,E03496
3069,E03508
3070,E03004
3071,E03506
3073,E05673
3075,E03507
3076,E03006
3077,E03505
3079,E03005
3080,E03509
3082,E03512
3083,E03498
3085,E03513
3086,E03516
3087,E03518
3088,E03519
3089,E03007
3090,E03501
3091,E03517
3092,E05725
3093,E03520
3094,E03523
3096,E03524
3097,E03528
3098,E03522
3099,E03521
3101,E00525
3103,E00527
3104,E00543
3105,E00544
3106,E00528
3107,E00529
3109,E00530
3110,E00542
3111,E00531
3113,E00541
3116,E00540
3121,E00545
3123,E00534
3125,E00536
3140,E21259
3141,E21035
3143,E21832
3147,E22130
3148,E21606
3150,E22547
3151,E22440
3153,E02812
3154,E22995
3156,E23245
3157,E23288
3159,E23841
3160,E24129
3161,E24248
3163,E24260
3165,E24576
3166,E24536
3167,E25165
3168,E25443
3169,E26095
3170,E24350
3171,E10657
3172,E26322
3173,E26290
3174,E26579
3175,E26842
3176,E02548
3177,E26821
3178,E23818
3179,E27051
3180,E27215
3181,E27202
3182,E27260
3183,E27210
3184,E27572
3185,E27615
3186,E27693
3187,""
3201,E00552
3202,E00547
3204,E00556
3205,E00550
3209,E00551
3225,E04058
3228,E04059
3230,E05628
3231,E04060
3232,E04233
3236,E04064
3237,E05651
3238,E04065
3241,E04068
3242,E04069
3244,E04074
3245,E04072
3246,E04075
3248,E04077
3250,E04078
3251,E05715
3252,E05692
3254,E04047
3258,E04084
3260,E04086
3261,""
3264,E21391
3266,E22612
3271,E24340
3275,E25621
3276,E25870
3277,E26086
3280,E26966
3284,E27281
3286,""
3288,""
3289,""
3291,""
3302,E00559
3306,E00558
3313,E03430
3315,E00030
3316,E02966
3317,E03432
3318,E03433
3319,E05391
3320,E02967
3321,E02968
3322,E05399
3323,E02971
3325,E03435
3326,E03434
3328,E03437
3329,E03436
3331,E03438
3333,E03439
3341,E05422
3344,E03444
3346,E00390
3347,E02977
3349,E03446
3350,E02978
3352,E03447
3353,E03443
3355,E02979
3356,E02970
3358,E03451
3359,E02982
3360,E03450
3361,E03454
3366,E03455
3370,E03456
3371,E05485
3372,E03457
3374,E02986
3375,E03460
3376,E03459
3377,E02988
3382,E03462
3383,E02990
3384,E02989
3385,E03461
3386,E02991
3387,E05517
3388,E02992
3390,E05523
3391,E03464
3392,E02994
3393,E05539
3394,E05546
3395,E05556
3396,E03467
3397,E03468
3398,E03469
3399,E03470
3401,E00872
3402,E00873
3405,E00876
3407,E00877
3408,E00565
3409,E00566
3420,E02876
3421,E01451
3422,E01452
3423,E01298
3424,E01457
3426,E02920
3431,E01461
3433,E01443
3434,E02245
3435,E01462
3436,E02103
3437,E01464
3439,E02491
3440,E02493
3441,E02121
3442,E01466
3443,E21955
3444,E22016
3501,E00574
3512,E00573
3513,E00572
3514,E00594
3515,E00612
3521,E00576
3524,E00578
3526,E00577
3528,E00568
3529,E00567
3551,E00996
3553,E00994
3569,E00562
3571,E00569
3577,E00563
3578,E00596
3580,E00591
3583,E00584
3587,E00597
3591,E00590
3593,E02315
3597,E00607
3598,E02773
3599,E00611
3600,E00610
3604,E00614
3606,E00616
3607,E00617
3608,E25234
3622,E05736
3623,E05741
3624,E05707
3625,E05742
3626,E05739
3627,E20385
3628,E21553
3630,E21740
3632,E22012
3633,E22101
3634,E22461
3635,E22460
3636,E23492
3639,E24392
3640,E24457
3641,E24453
3645,E24982
3646,E25206
3647,E24998
3648,E25263
3649,E25283
3652,E25620
3653,E25682
3654,E25761
3655,E25817
3656,E25867
3657,E25898
3658,E25888
3659,E25850
3660,E26301
3661,E26332
3662,E26369
3663,E26231
3664,E26596
3665,E26703
3666,E27050
3667,E27047
3668,E27062
3669,E27064
3670,E27235
3671,E27276
3672,E27280
3673,E27361
3674,E27394
3675,E27421
3676,""
3677,""
3708,E00691
3710,E05336
3711,E05338
3712,E05340
3715,E05343
3719,E05348
3723,E05360
3724,E05362
3726,E05395
3727,E05369
3730,E05372
3731,E04485
3733,E05376
3734,E05383
3738,E05392
3739,E05401
3741,E05400
3742,E05405
3744,E05413
3747,E05424
3750,E05443
3751,E05430
3752,E04489
3753,E05432
3754,E05431
3756,E05148
3758,E05453
3760,E05449
3762,E05463
3763,E05466
3765,E05474
3766,E05469
3768,E05471
3769,E05476
3770,E05484
3771,E05487
3772,E03801
3773,E05496
3774,E05480
3775,E05497
3776,E05494
3777,E05510
3778,E05518
3779,E05543
3782,E02104
3784,E05540
3785,E05538
3787,E05445
3788,E05545
3790,E05511
3791,E02480
3793,E05552
3794,E05548
3796,E05551
3798,E05521
3799,E05553
3800,E05561
3802,E05578
3803,E05573
3804,E05516
3807,E05457
3808,E05587
3810,E05601
3811,E05605
3814,E05633
3815,E05622
3816,E05635
3817,E05640
3822,E05638
3823,E05630
3824,E05641
3825,E05645
3826,E05643
3827,""
3828,E04494
3830,E05650
3831,E05653
3832,E05652
3834,E04496
3835,E05659
3836,E05663
3837,E05664
3839,E05679
3840,E05674
3841,E05669
3842,E05677
3843,E05680
3844,E05678
3845,E05682
3847,E05687
3848,E05688
3849,E05690
3850,E05694
3851,E02489
3852,E05703
3853,E05699
3854,E05705
3856,E05713
3857,E05720
3858,E05719
3859,E05722
3861,E00642
3863,E11873
3864,E00644
3865,E00645
3877,E00649
3878,E00650
3880,E00660
3891,E00685
3892,E00687
3895,E00690
3896,E26914
3941,E00659
3943,E00677
3944,E00664
3945,E00675
3946,E00669
3947,E00668
3948,E00708
3950,E00674
3951,E00714
3952,E00681
3953,E00682
3954,E00686
3955,E00688
3956,E00737
4003,E00750
4004,E00751
4005,E00752
4007,E00754
4008,E00755
4021,E00759
4022,E00760
4023,E00761
4025,E00762
4026,E00763
4027,E00764
4028,E00765
4031,E00789
4033,E01037
4041,E00766
4042,E00767
4043,E00768
4044,E00769
4045,E00770
4046,E00771
4047,E00772
4061,E00774
4062,E00775
4063,E00776
4064,E00777
4078,E00780
4080,E01050
4082,E00806
4088,E00792
4091,E00783
4092,E00784
4093,E00787
4094,E00786
4095,E00898
4097,E00781
4098,E00796
4099,E00841
4100,E00842
4102,E00791
4107,E01028
4109,E00805
4112,E00809
4113,E00810
4114,E00811
4115,E00812
4116,E00902
4117,E00813
4118,E00879
4119,E00899
4120,E00906
4151,E00816
4182,E00815
4183,E00840
4185,E01003
4186,E00854
4187,E00855
4188,E00808
4201,E00817
4202,E00818
4203,E00819
4204,E00820
4205,E00821
4206,E00824
4208,E01002
4212,E01008
4215,E00823
4216,E00830
4217,E01013
4218,E01000
4220,E00838
4221,E00834
4222,E00839
4224,E01103
4228,E00845
4229,E00448
4231,E01024
4234,E01052
4235,E01061
4237,E02348
4238,E02477
4239,E02107
4240,E02483
4241,E01066
4242,E00871
4243,E02494
4272,E00836
4274,E00850
4275,""
4281,E05195
4282,E05196
4283,E05197
4284,E05198
4286,E05199
4287,E05204
4288,E05201
4290,E05205
4291,E05110
4293,E05206
4295,E05209
4298,E05210
4299,E05215
4301,E05219
4304,E05218
4307,E05062
4308,E05211
4310,E05221
4312,E05223
4316,E05228
4317,E05230
4318,E05232
4319,E05231
4320,E05233
4321,E05235
4323,E05236
4324,E04760
4326,E05239
4327,E05243
4331,E05248
4333,E05252
4334,E05254
4335,E05255
4336,E05256
4337,E03379
4341,E05262
4342,E05263
4343,E05264
4344,E05647
4345,E05267
4346,E05268
4347,E05269
4348,E05272
4349,E05273
4350,E05274
4351,E05275
4355,E05277
4356,E05282
4358,E05279
4361,E01006
4362,E00852
4364,E00859
4365,E00888
4366,E01014
4367,E00837
4368,E01056
4369,E02490
4401,E00878
4403,E00880
4404,E00881
4406,E00882
4409,E00886
4410,E01020
4452,E00883
4461,E00885
4462,E00804
4463,E00887
4464,E01057
4465,E00890
4471,E00884
4502,E00919
4503,E00920
4506,E00922
4507,E00923
4508,E00924
4512,E00928
4514,E00929
4516,E00931
4517,E00960
4519,E00932
4521,E00935
4523,E00939
4524,E00941
4526,E00952
4527,E00942
4528,E00945
4530,E00944
4531,E00848
4534,E00947
4536,E00949
4538,E00953
4539,E00957
4540,E01018
4541,E00963
4543,E01630
4544,E00967
4547,E00962
4548,E00970
4549,E00961
4550,E00971
4551,E00934
4552,E00973
4553,E00974
4554,E00975
4555,E00976
4556,E00977
4557,E00978
4558,E03289
4559,E00948
4563,E05301
4564,E05363
4565,E00981
4568,E00984
4569,E00985
4570,E00986
4571,E05728
4572,E00987
4573,E15678
4574,E22560
4575,E23487
4576,E22024
4577,E24187
4578,E21183
4579,E25269
4581,E25678
4582,E24682
4583,E26096
4584,E27032
4585,E27038
4586,E27208
4587,E27486
4611,E00891
4612,E00892
4613,E00893
4615,E00895
4616,E00896
4617,E00897
4619,E00900
4620,E00832
4621,E00907
4623,E00909
4624,E00910
4625,E00911
4626,E00913
4627,E00915
4628,E00916
4629,E00917
4631,E00901
4633,E00905
4634,E00903
4635,E00904
4636,E01044
4640,E04953
4641,E04954
4642,E04955
4644,E04959
4645,E04958
4649,E04962
4650,E04704
4651,E04964
4653,E04967
4654,E04968
4656,E04971
4657,E04972
4658,E04973
4659,E04975
4661,E04707
4662,E04976
4664,E04978
4665,E04926
4666,E04979
4667,E04980
4668,E04981
4669,E04984
4671,E04982
4673,E04987
4674,E04988
4676,E04462
4678,E04991
4679,E04990
4680,E04710
4681,E03969
4684,E05025
4685,E04995
4686,E04996
4687,E04997
4689,E05000
4690,E05001
4694,E05056
4695,E05004
4696,E05003
4699,E05006
4704,E04999
4705,E05011
4707,E05015
4708,E05014
4709,E05017
4712,E05020
4713,E05022
4714,E05024
4716,E05027
4718,E05028
4719,E05029
4720,E05030
4722,E05033
4725,E05036
4726,E05037
4728,E05042
4732,E05045
4733,E05048
4734,E05052
4735,E05053
4736,E05054
4739,E05059
4743,E02909
4744,E05064
4745,E05067
4746,E05066
4748,E05069
4750,E05070
4751,E05072
4752,E05075
4754,E05073
4755,E05080
4760,E05083
4761,E05090
4762,E05091
4763,E05096
4764,E05094
4765,E05097
4766,E05098
4767,E05100
4768,E05099
4769,E05101
4770,E05106
4771,E05107
4772,E05088
4775,E05093
4776,E05116
4777,E05114
4779,E05115
4781,E05121
4783,E05120
4784,E05123
4792,E05135
4793,E05134
4798,E05141
4799,E05142
4800,E05143
4801,E05145
4809,E05414
4812,E05147
4813,E05168
4814,E05151
4816,E02458
4819,E05156
4820,E05155
4824,E05161
4825,E05162
4826,E05163
4827,E05325
4828,E05167
4829,E05169
4832,E05173
4833,E05175
4834,E05176
4837,E05265
4838,E04478
4839,E04427
4840,E05183
4842,E04479
4845,E05187
4847,E05191
4848,E05182
4849,E05192
4850,""
4875,""
4901,E00988
4902,E00989
4911,E00990
4912,E00991
4914,E00993
4917,E01027
4918,E01035
4919,E01039
4920,E01040
4921,E01046
4922,E01049
4923,E01059
4924,E01062
4925,E01063
4926,E23479
4927,E24951
4928,E24991
4929,E27016
4951,E01019
4952,E21969
4955,E00860
4956,E02686
4957,E01033
4958,E01034
4960,E00868
4962,E00889
4963,E01041
4965,E01043
4966,E01045
4967,E01047
4968,E01048
4970,E01051
4971,E01054
4972,E01055
4973,E01060
4974,E02474
4975,E01065
4976,E01068
4977,E26061
4978,E27585
4985,E01015
4987,E01011
4989,E01012
4990,E01172
4992,E01001
4994,E01058
4995,E01009
4996,E00828
4997,E00937
4998,E01007
4999,E01010
5002,E01070
5007,E01072
5008,E01073
5009,E01076
5010,E01005
5011,E01077
5012,E02543
5013,E01080
5015,E02800
5017,E01082
5018,E01083
5019,E01084
5020,E24050
5101,E01085
5103,E01088
5104,E01089
5105,E01090
5108,E01086
5110,E01110
5121,E01094
5122,E01100
5142,E01096
5161,E01112
5162,E01115
5184,E01114
5185,E01113
5186,E01111
5187,E02416
5189,E01107
5191,E01097
5192,E01098
5194,E01095
5195,E01092
5196,E01104
5199,E01109
5201,E01122
5202,E01121
5204,E01123
5208,E01152
5210,E01126
5212,E01186
5214,E01190
5216,E01205
5217,E01217
5218,E01170
5232,E01127
5233,E01130
5234,E01128
5237,E01166
5261,E01156
5262,E01157
5268,E01143
5269,E01142
5271,E01165
5273,E01169
5277,E01174
5279,E01200
5280,E01202
5282,E01206
5283,E01208
5284,E01211
5285,E01212
5287,E01216
5288,E01222
5289,E25160
5301,E01162
5302,E01140
5304,E01173
5310,E01223
5331,E01139
5332,E01138
5333,E01137
5334,E01136
5337,E01141
5341,E01176
5342,E01177
5343,E01135
5344,E01210
5351,E01146
5352,E01150
5355,E01131
5356,E01180
5357,E01147
5358,E01145
5363,E01149
5367,E01188
5380,E01219
5381,E01218
5384,E01207
5386,E01204
5387,E01197
5388,E01195
5389,E01194
5391,E01163
5393,E01151
5395,E01185
5398,E01168
5401,E01225
5406,E01231
5408,E01229
5410,E01235
5411,E01264
5412,""
5413,E26712
5423,E01261
5440,E01266
5444,E01259
5445,E01292
5446,E01260
5448,E01263
5449,E01262
5451,E01247
5453,E01249
5456,E01265
5458,E01275
5461,E01251
5463,E01253
5464,E01315
5471,E01239
5476,E01240
5480,E01242
5481,E01243
5482,E01234
5484,E01245
5486,E01244
5491,E01276
5541,E01254
5542,E01257
5563,E01256
5566,E01258
5602,E01268
5603,E01269
5607,E01284
5609,E01236
5610,E01238
5612,E01283
5614,E21200
5631,E01232
5632,E01233
5644,E02185
5657,E01286
5658,E01287
5659,E01280
5660,E01282
5695,E01294
5697,E01296
5698,""
5702,E01318
5703,E26707
5706,E00024
5707,E01308
5711,E00021
5713,E00023
5714,E00028
5715,E00032
5721,E01300
5724,E21649
5726,E01327
5727,E01301
5729,E00026
5741,E01330
5742,E01331
5753,E01305
5757,E01321
5758,E02115
5781,E01401
5801,E01332
5802,E01333
5803,E01334
5805,E01336
5807,E01337
5809,E01338
5815,E01343
5816,E00846
5817,E01348
5819,E01350
5820,E01351
5821,E01352
5851,E01379
5852,E01303
5856,E01329
5857,E21187
5900,E01325
5901,E01353
5902,E01354
5903,E02448
5905,E01408
5906,E02409
5907,E01436
5909,E01444
5911,E01355
5912,E01358
5915,E01362
5918,E01364
5921,E01381
5922,E01365
5923,E01373
5928,E01320
5929,E01385
5930,E01413
5932,E26831
5933,E01430
5935,E01433
5936,E01415
5938,E01317
5939,E01425
5940,E01422
5941,E01445
5942,E01370
5943,E02379
5945,E01426
5946,E01659
5947,E01417
5949,E02194
5950,E01421
5951,E01427
5952,E01368
5953,E01688
5955,E01369
5956,E02442
5957,E02296
5958,E01409
5959,E01412
5962,E01391
5964,E01376
5965,E02445
5966,E01420
5967,E01380
5969,E01403
5970,E02228
5971,E01442
5973,E01441
5974,E01366
5975,E01382
5976,E01400
5979,E01448
5981,E01378
5982,E02438
5983,E01439
5984,E01437
5985,E01402
5986,E01411
5987,E01446
5988,E01438
5989,E02222
5990,E01435
5991,E01367
5992,E01405
5993,E01419
5994,E01396
5997,E01431
5998,E01393
5999,E01395
6005,E01478
6013,E01469
6016,E01474
6018,E01471
6022,E01475
6023,E01477
6042,E02171
6050,E24917
6051,E25271
6052,E25786
6053,E25677
6054,E26032
6055,E26124
6058,E26428
6059,E26454
6060,E26443
6061,E26446
6062,E26444
6063,E26625
6064,E26631
6065,E26716
6067,E26836
6068,E26708
6069,E26933
6070,E26839
6071,E27066
6072,E27059
6073,E27303
6074,E27506
6075,E27567
6076,E27761
6077,""
6078,""
6079,E27900
6101,E01480
6103,E01481
6104,E01482
6111,E01550
6112,E01484
6113,E01486
6118,E01545
6121,E01490
6125,E01493
6131,E01492
6134,E01495
6135,E01496
6136,E01377
6137,E00794
6138,E01488
6140,E01499
6141,E01502
6142,E01503
6143,E01504
6144,E01930
6145,E01981
6146,E01506
6147,E01507
6149,E01692
6150,E01508
6151,E01509
6155,E01510
6156,E02343
6157,E01729
6158,E01511
6159,E02478
6161,E01730
6163,E01513
6164,E02360
6165,E27063
6201,E01514
6203,E01515
6205,E01516
6208,E01518
6210,E01528
6217,E01524
6218,E01521
6222,E01531
6245,E01548
6246,E01628
6247,E01643
6248,E27530
6249,E25169
6250,E21258
6254,E01735
6255,E01734
6256,E02119
6257,E02488
6258,E01733
6259,E02112
6260,E02111
6262,E01731
6264,E01465
6265,E01728
6266,E02350
6267,E02469
6268,E01726
6269,E01725
6271,E01641
6272,E01670
6273,E01673
6274,E01973
6276,E01675
6277,E01676
6278,E01505
6279,E01677
6280,E01679
6281,E01658
6282,E01642
6284,E01682
6286,E01684
6287,E01685
6289,E01690
6291,E02421
6292,E01694
6293,E01695
6294,E01696
6295,E01697
6297,E01699
6298,E02008
6299,E01700
6300,E01701
6301,E01532
6302,E01533
6303,E01703
6305,E01585
6306,E01372
6307,E01704
6309,E01705
6310,E01563
6312,E01706
6314,E01707
6315,E01708
6316,E01568
6317,E01584
6319,E01289
6322,E01711
6323,E02328
6324,E01712
6325,E01617
6326,E01267
6327,E01713
6328,E01714
6330,E01661
6331,E01536
6332,E01537
6333,E01761
6334,E01538
6335,E01539
6336,E02047
6337,E02049
6338,E01715
6339,E01541
6340,E01666
6342,E01547
6343,E01620
6345,E01657
6346,E01629
6347,E01651
6349,E01667
6351,E01662
6355,E02255
6356,E02173
6357,E01632
6358,E01610
6360,E01534
6361,E01542
6362,E01543
6363,E01636
6364,E01663
6365,E01544
6366,E01569
6367,E01570
6368,E01571
6369,E01572
6370,E01573
6371,E01578
6373,E01580
6375,E01553
6376,E01591
6378,E01546
6379,E01577
6380,E01581
6381,E01554
6382,E01627
6383,E01551
6384,E01719
6387,E02060
6390,E01583
6391,E01529
6392,E02180
6393,E01612
6395,E01613
6396,E01635
6397,E01615
6400,E02462
6402,E01721
6403,E01646
6405,E01724
6406,E01622
6407,E01909
6408,E01647
6409,E01634
6411,E01671
6412,E02403
6413,E02410
6414,E01681
6416,E02000
6417,E02419
6418,E01698
6419,E02424
6420,E02006
6424,E02025
6425,E02452
6428,E01718
6430,E02073
6432,E01723
6433,E01727
6436,E01590
6439,E01277
6440,E01596
6443,E01614
6444,E01913
6445,E01595
6448,E01594
6454,E02381
6455,E01653
6457,E01650
6458,E01669
6459,E01961
6460,E02475
6461,E01597
6462,E01598
6463,E01599
6465,E01654
6466,E01716
6467,E01456
6469,E01454
6470,E02199
6471,E01600
6472,E01601
6473,E01602
6474,E01603
6476,E01450
6478,E01608
6479,E01607
6480,E01631
6481,E01678
6482,E01710
6484,E01434
6485,E01693
6486,E01414
6487,E01689
6488,E01683
6489,E01672
6490,E01645
6492,E01609
6493,E02189
6494,E01648
6495,E01624
6496,E01649
6497,E01652
6498,E01660
6501,E01737
6502,E01738
6503,E01739
6504,E01740
6505,E01742
6506,E01741
6507,E01743
6508,E01744
6513,E01751
6516,E01806
6517,E01758
6518,E02012
6581,E01745
6584,E01753
6586,E01920
6588,E01884
6590,E01757
6591,E01804
6592,E01944
6593,E01965
6594,E01975
6617,E26713
6618,E26216
6619,E26082
6620,E25665
6622,E01750
6623,E01748
6624,E01823
6625,E25686
6626,E25386
6627,E24994
6628,E24562
6629,E23871
6630,E23829
6632,E21320
6633,E02120
6634,E05702
6635,E02116
6636,E02118
6637,E01764
6638,E02114
6639,E02117
6640,E01876
6641,E01746
6643,E01747
6644,E01752
6645,E01755
6647,E01912
6648,E01754
6651,E01759
6652,E01951
6653,E01760
6654,E02007
6655,E02028
6656,E02356
6658,E02109
6659,E01875
6661,E02101
6662,E02100
6663,E02097
6664,E02095
6666,E02093
6668,E02092
6669,E02091
6670,E02090
6674,E02089
6675,E01874
6676,E02086
6677,E02346
6678,E02345
6701,E01765
6702,E01766
6703,E01767
6704,E01768
6706,E01897
6707,E01790
6709,E01792
6715,E01827
6716,E01843
6718,E01849
6719,E01871
6721,E02083
6722,E02082
6723,E02081
6724,E01873
6727,E02059
6728,E01589
6730,E02077
6731,E02075
6734,E02072
6736,E02070
6737,E02069
6741,E01769
6742,E01770
6743,E01816
6744,E01803
6745,E01802
6747,E01970
6748,E01984
6750,E02066
6751,E01771
6752,E01772
6753,E01773
6754,E01774
6755,E01775
6756,E01776
6757,E02065
6758,E01777
6762,E01780
6763,E01782
6767,E01785
6768,E01786
6769,E02062
6770,E01793
6771,E01819
6772,E01811
6773,E01794
6775,E01795
6776,E01813
6777,E01870
6778,E02342
6779,E01807
6784,E02061
6785,E02058
6786,E02057
6787,E02056
6788,E02333
6789,E02054
6791,E01787
6794,E01797
6796,E01814
6797,E02055
6798,E01805
6800,E01808
6801,E01810
6803,E01932
6804,E01815
6806,E01939
6807,E01828
6809,E01831
6814,E01839
6815,E01830
6816,E01840
6817,E01971
6819,E01987
6820,E01850
6822,E01859
6823,E01842
6824,E02027
6826,E01865
6832,E02051
6833,E02050
6834,E01717
6835,E01867
6836,E03346
6837,E02048
6838,E01864
6839,E01863
6840,E02045
6841,E01878
6844,E01887
6845,E01879
6846,E01940
6848,E01798
6849,E01903
6850,E02286
6852,E01942
6853,E01921
6855,E02043
6856,E01901
6857,E01950
6858,E02306
6859,E02307
6860,E01964
6861,E01967
6862,E01977
6863,E02411
6864,E01847
6866,E01999
6867,E02005
6869,E02015
6870,E02020
6871,E02030
6874,E02039
6875,E02042
6877,E02040
6878,E01861
6879,E01862
6881,E02035
6882,E01821
6883,E02034
6888,E02324
6889,E02026
6890,E02024
6891,E01860
6894,E02021
6895,E02019
6896,E02018
6897,E02017
6898,E02016
6899,E02013
6901,E01885
6902,E01892
6904,E01857
6905,E01856
6907,E02431
6908,E02009
6910,E02314
6911,E02003
6912,E02004
6914,E01998
6915,E01995
6916,E01994
6918,E01993
6919,E01992
6920,E01991
6923,E01880
6924,E01886
6925,E01929
6926,E01928
6927,E02076
6928,E01989
6929,E01988
6930,E01848
6932,E01986
6935,E01985
6937,E01917
6938,E01983
6941,E01979
6942,E01978
6943,E01974
6944,E01972
6945,E01969
6946,E01968
6947,E01966
6950,E01963
6951,E01905
6952,E01935
6954,E01946
6955,E01896
6957,E01960
6958,E01959
6960,E02304
6961,E02390
6962,E01952
6963,E01953
6964,E01954
6965,E01955
6966,E02293
6967,E01957
6969,E01933
6971,E01182
6972,E01925
6973,E01619
6974,E01934
6976,E01824
6977,E01906
6981,E01914
6982,E01916
6985,E02181
6986,E01841
6988,E01888
6989,E01817
6992,E01900
6993,E01891
6994,E01899
6995,E01898
6996,E01904
6997,E01926
6998,E01907
6999,E01902
7003,E02123
7004,E02124
7007,E02125
7011,E02126
7012,E02127
7013,E02128
7014,E02129
7018,E02131
7021,E00035
7022,E25662
7102,E02134
7105,E02136
7122,E02138
7148,E24651
7150,E03679
7157,E26327
7161,E26686
7162,E26813
7164,E09753
7201,E02142
7202,E02143
7203,E02144
7205,E02146
7208,E02248
7211,E02213
7212,E02229
7213,E02105
7214,E02247
7215,E02246
7217,E02242
7218,E02241
7219,E02238
7220,E02237
7222,E02150
7224,E02252
7226,E02170
7227,E02233
7228,E02877
7229,E02236
7230,E02235
7231,E01230
7235,E02158
7236,E02155
7238,E02161
7239,E02210
7240,E02176
7241,E02195
7242,E02147
7243,E02200
7244,E02177
7245,E02175
7246,E02154
7247,E02172
7248,E02157
7249,E01290
7250,E02178
7251,E02196
7254,E02183
7255,E01644
7256,E02174
7259,E01593
7260,E02190
7261,E02163
7262,E02164
7264,E02234
7265,E02232
7266,E02231
7267,E02166
7268,E02230
7269,E02167
7270,E02152
7271,E02227
7272,E02168
7273,E02226
7274,E02184
7276,E02140
7277,E02201
7278,E02203
7279,E02204
7280,E02205
7282,E01108
7283,E02162
7284,E02387
7287,E02214
7291,E02216
7292,E02217
7294,E02219
7296,E02221
7297,E02223
7298,E02224
7299,E02225
7305,E02258
7308,E02261
7309,E02257
7312,E02249
7313,E02380
7314,E22554
7315,""
7399,E02447
7404,E02251
7408,E02254
7412,E03231
7413,E02791
7414,E01324
7415,E03232
7416,E03233
7417,E02792
7419,E03235
7420,E02793
7421,E03236
7422,E02794
7425,E02797
7426,E02798
7427,E02801
7430,E03238
7432,E02799
7433,E02802
7434,E02803
7435,E02011
7438,E02804
7441,E02813
7442,E02805
7443,E02806
7444,E02807
7445,E03240
7446,E02810
7447,E02809
7448,E03244
7450,E03245
7451,E02558
7452,E03246
7453,E03248
7455,E03249
7456,E02821
7458,E02824
7459,E02632
7460,E02825
7461,E02823
7462,E03252
7463,E02826
7464,E03251
7465,E03250
7466,E02827
7467,E02828
7472,E02833
7475,E02832
7476,E02835
7477,E02836
7480,E02838
7481,E02837
7482,E02839
7483,E02840
7485,E02553
7486,E02841
7487,E02842
7488,E02843
7490,E02845
7493,E03257
7494,E03259
7500,E02847
7501,E02848
7502,E04960
7503,E02849
7504,E02850
7505,E03264
7506,E03266
7508,E03267
7509,E03269
7510,E02851
7512,E03268
7513,E03270
7514,E03271
7515,E03272
7516,E03273
7517,E02853
7518,E04966
7519,E02854
7520,E03274
7521,E02855
7522,E03275
7523,E03276
7524,E03278
7525,E02856
7527,E02858
7531,E02861
7532,E03280
7533,E03279
7537,E02864
7538,E02818
7539,E02865
7544,E03286
7545,E03287
7550,E03291
7551,E02870
7552,E02869
7554,E03293
7555,E02871
7558,E02873
7559,E02874
7561,E03294
7562,E03295
7564,E03296
7565,E02875
7567,E02878
7568,E03334
7570,E02879
7571,E03299
7575,E02881
7577,E03301
7578,E03304
7581,E03305
7585,E03306
7587,E02887
7590,E02888
7591,E02890
7593,E02889
7594,E02891
7595,E05018
7596,E03310
7597,E02893
7598,E03311
7599,E02892
7600,E02894
7601,E03312
7602,E02895
7603,E03313
7604,E03314
7605,E03315
7606,E03316
7607,E02896
7608,E02897
7609,E02898
7610,E03319
7611,E03318
7612,E02899
7613,E02900
7614,E03317
7615,E03320
7616,E03321
7618,E03323
7619,E02902
7621,E03324
7623,E03326
7624,E02903
7625,E03327
7628,E02905
7630,E03329
7631,E02906
7634,E03330
7635,E02910
7636,E03331
7637,E03332
7638,E03333
7640,E03336
7643,E03340
7646,E03343
7647,E02912
7648,E02913
7649,E03344
7701,E02265
7702,E02303
7703,E02310
7705,E02320
7707,E02338
7708,E02339
7709,E02337
7711,E01997
7713,E02323
7714,E02327
7715,E02329
7716,E02331
7717,E02334
7718,E02302
7719,E01587
7721,E02266
7722,E02335
7723,E02267
7725,E02336
7726,E02269
7727,E02270
7729,E02289
7730,E02340
7731,E02271
7732,E02299
7733,E02272
7734,E02285
7735,E02288
7739,E02301
7740,E02308
7741,E01124
7743,E02414
7744,E02322
7745,E02344
7746,E01221
7747,E02349
7748,E02353
7749,E02354
7751,E02274
7752,E02275
7758,E02287
7760,E02352
7762,E02281
7768,E02282
7769,E02294
7771,E02325
7774,E02357
7775,E22509
7776,E24158
7777,E25884
7817,E25664
7818,E24753
7819,E23465
7820,E00640
7821,E02492
7822,E00631
7823,E03493
7824,E02486
7825,E02487
7826,E02485
7827,E00639
7829,E03463
7831,E00748
7832,E02481
7833,E05512
7834,E02476
7835,E05491
7836,E02096
7837,E02980
7838,E00746
7839,E02470
7840,E02472
7841,E01459
7844,E02467
7846,E02466
7847,E02464
7849,E00736
7850,E00735
7851,E02459
7853,E02468
7855,E00732
7856,E01053
7857,E00730
7858,E00870
7859,E02046
7860,E02453
7861,E00727
7862,E00726
7863,E00734
7864,E00725
7865,E02882
7867,E02450
7868,E00724
7869,E02449
7870,E00722
7871,E00829
7872,E03281
7873,E02446
7874,E02444
7875,E00720
7877,E02441
7878,E02439
7879,E00636
7883,E00719
7885,E02435
7886,E00867
7887,E00635
7888,E00866
7889,E02433
7891,E00865
7893,E00716
7894,E00863
7895,E02429
7896,E00633
7897,E00632
7898,E00630
7899,E02430
7901,E00715
7902,E02428
7903,E00628
7904,E00620
7905,E00619
7906,E02427
7907,E00623
7908,E02425
7911,E00692
7912,E00693
7913,E00694
7914,E00695
7915,E00703
7916,E00696
7917,E02423
7918,E00705
7919,E00652
7920,E00704
7921,E00710
7922,E00712
7923,E00713
7925,E00861
7927,E01032
7928,E01031
7931,E02002
7932,E01120
7936,E02378
7937,E03180
7938,E01118
7939,E01428
7942,E00858
7943,E02415
7944,E01834
7945,E02413
7946,E00711
7947,E02412
7949,E02408
7950,E02407
7951,E02362
7952,E02363
7953,E00912
7955,E02406
7956,E02404
7957,E02402
7958,E00857
7959,E02401
7961,E00621
7962,E02398
7963,E02396
7965,E02395
7966,E02394
7968,E02392
7970,E02388
7971,E00995
7972,E02371
7974,E02367
7975,E00667
7976,E02366
7979,E01183
7980,E02383
7981,E02373
7983,E02376
7984,E00670
7985,E02385
7986,E01656
7987,E00679
7988,E02386
7989,E02389
7990,E02382
7991,E02377
7992,E02365
7994,E02369
7995,E01164
7997,E02372
7999,E02305
8001,E02497
8002,E02498
8005,E03054
8006,E00456
8007,E02501
8008,E02621
8011,E00593
8012,E02552
8013,E00571
8014,E02509
8015,E02505
8016,E02521
8018,E02534
8020,E02506
8022,E03036
8023,E02683
8025,E02588
8028,E03125
8029,E00604
8030,E02566
8031,E02513
8032,E02510
8035,E02652
8036,E02617
8037,E02682
8038,E02541
8039,E02571
8040,E02679
8041,E02530
8043,E02574
8044,E02575
8045,E02615
8046,E02616
8050,E02280
8051,E02560
8052,E02572
8053,E02528
8056,E02611
8057,E02515
8058,E02529
8059,E02578
8060,E02644
8061,E02512
8065,E02535
8066,E02602
8068,E02685
8070,E02527
8071,E02684
8072,E02587
8073,E02687
8074,E02525
8075,E02522
8076,E02561
8077,E02570
8078,E02554
8079,E02681
8081,E02580
8084,E02518
8085,E02579
8086,E02688
8087,E03107
8088,E02567
8089,E02584
8090,E02564
8091,E00570
8093,E02503
8095,E02585
8096,E03126
8097,E04331
8098,E02517
8101,E02549
8103,E02563
8104,E02610
8105,E02627
8107,E02628
8108,E02612
8111,E00603
8113,E00678
8114,E00601
8115,E02639
8117,E02642
8118,E02645
8119,E02647
8120,E02648
8123,E02650
8125,E02618
8127,E00600
8129,E02608
8130,E03071
8131,E01074
8132,E01075
8133,E02643
8135,E03076
8136,E02655
8137,E02656
8138,E02658
8139,E02660
8140,E02663
8141,E02664
8142,E02665
8143,E00605
8144,E02666
8145,E02646
8147,E02668
8148,E02669
8150,E02671
8151,E02672
8152,E02673
8153,E02675
8154,E02676
8155,E02677
8157,E00157
8158,E02635
8159,E02678
8160,E03121
8163,E03090
8165,E03092
8166,E03093
8167,E03094
8168,E03096
8170,E03098
8171,E03122
8173,E03052
8174,E03051
8175,E03057
8178,E03066
8179,E04783
8181,E04784
8182,E03064
8184,E03074
8185,E03077
8186,E03078
8190,E03072
8191,E02653
8194,E03083
8196,E03086
8198,E03087
8200,E03099
8201,E03100
8202,E03101
8203,E03103
8205,E03105
8207,E03108
8208,E03109
8209,E03110
8214,E03116
8215,E03117
8217,E03119
8218,E03120
8219,E03124
8225,E02787
8226,E02699
8227,E03137
8228,E02698
8229,E03135
8230,E03134
8233,E03013
8237,E03017
8242,E03020
8244,E03021
8245,E03022
8247,E03025
8248,E03131
8249,E02696
8251,E03026
8252,E03040
8253,E03041
8254,E03044
8255,E03133
8256,E02695
8257,E03024
8260,E03032
8263,E03049
8266,E03047
8267,E03061
8270,E02622
8273,E03068
8274,E03073
8275,E02693
8276,E03081
8278,E03118
8279,E03127
8281,E03129
8282,E03128
8283,E02691
8285,E02692
8287,E03130
8289,E03132
8291,E02544
8293,E02514
8298,E02690
8301,""
8303,E03530
8304,E03531
8306,E03606
8308,E03610
8309,E03611
8316,E03614
8324,E03560
8325,E03561
8327,E03604
8331,E03556
8332,E03559
8333,E03551
8334,E03554
8336,E03555
8337,E03557
8338,E03552
8339,E03558
8341,E03545
8342,E03542
8343,E03546
8344,E03549
8345,E03543
8346,E03550
8349,E03544
8350,E03601
8354,E03624
8355,E03570
8356,E03569
8358,E03571
8359,E03563
8360,E03562
8361,E03568
8362,E03567
8363,E03566
8364,E03572
8365,E03565
8366,E03575
8367,E03580
8368,E03574
8369,E03576
8370,E03581
8374,E03573
8377,E03618
8379,E03585
8381,E03583
8382,E03584
8383,E03582
8385,E03589
8386,E03588
8387,E03590
8388,E03587
8390,E03598
8392,E03596
8393,E03597
8394,E03595
8395,E03599
8396,E03593
8397,E03603
8398,E03592
8399,E03602
8409,E03686
8410,E03623
8411,E03615
8416,E03664
8418,E03622
8423,E05446
8424,E05438
8425,E05426
8439,E05346
8462,E03727
8473,E05159
8508,E03724
8511,E03688
8513,E03690
8515,E03721
8518,E03695
8519,E04963
8521,E03684
8522,E03652
8524,E03632
8527,E03651
8529,E03654
8530,E03653
8536,E03642
8537,E03645
8540,E03666
8541,E03663
8542,E03678
8543,E03657
8544,E03641
8545,E03656
8550,E03639
8551,E03634
8554,E03670
8558,E03640
8559,E03673
8560,E03669
8562,E03637
8563,E03674
8566,E04946
8570,E04912
8572,E03693
8584,E04768
8585,E04775
8586,E04779
8589,E03697
8591,E04762
8593,E04788
8594,E04801
8595,E04806
8596,E04821
8600,E23820
8601,E03753
8604,E03752
8609,E03756
8613,E03760
8614,E03768
8616,E03764
8617,E03793
8622,E03762
8624,E03772
8625,E03789
8628,E03807
8630,E23924
8634,""
8648,""
8682,""
8685,""
8686,""
8692,E03776
8697,E03814
8698,E03815
8699,E03770
8700,E03792
8702,E03818
8703,E03817
8704,E03819
8705,E03739
8706,E03784
8707,E03788
8708,E03763
8709,E03821
8710,""
8711,E21602
8713,E23187
8714,E23250
8715,E24073
8718,E22102
8725,E03854
8728,E03749
8729,E05714
8732,E03747
8737,E03733
8739,E05242
8740,E03728
8742,E03723
8746,E03717
8747,E03716
8750,E06141
8766,E03847
8767,E05421
8769,E05648
8771,E05665
8772,E03746
8783,E03740
8787,E05507
8789,E05492
8793,E05462
8795,E03851
8798,E05280
8801,E03855
8802,E03856
8803,E03858
8804,E03859
8806,E03861
8818,E03867
8830,E03907
8835,E00034
8836,E00165
8840,E03929
8841,E00926
8842,E04590
8844,E03938
8848,E03943
8850,E03945
8851,E03946
8854,E03948
8860,E03953
8864,E03958
8869,E03967
8870,E03970
8871,E03971
8876,E05047
8877,E03977
8881,E03984
8885,E04055
8886,E03988
8887,E03989
8889,E05174
8890,E05179
8891,E03991
8892,E03992
8893,E03994
8894,E03993
8897,E03997
8898,E05238
8903,E04001
8904,E00311
8905,E04002
8908,E05313
8909,E04005
8912,E04008
8914,E04011
8917,E04013
8918,E04015
8920,E04018
8922,E04020
8923,E04021
8925,E04023
8927,E04024
8928,E04025
8929,E05407
8931,E04029
8933,E04030
8934,E04031
8935,E04032
8938,E04034
8940,E04036
8944,E04038
8945,E05505
8946,E04039
8995,E04049
8996,E04048
8998,E04045
8999,E04044
9001,E04094
9003,E04097
9005,E04090
9006,E04089
9007,E04088
9008,E04092
9009,E04091
9010,E04093
9012,E04136
9014,E04098
9017,E04155
9020,E04147
9021,E04148
9022,E04149
9025,E04341
9027,E04232
9028,E04230
9029,E04228
9031,E04110
9033,E04123
9034,E04223
9035,E04222
9036,E04221
9037,E04220
9039,E04218
9040,E04217
9041,E04102
9042,E04103
9044,E04106
9045,E04105
9046,E04109
9047,E04216
9048,E04101
9049,E04108
9051,E04215
9052,E04125
9055,E04211
9056,E04210
9057,E04209
9058,E04208
9059,E04194
9060,E04206
9062,E04319
9063,E04195
9064,E04187
9065,E04324
9066,E04320
9067,E04182
9068,E04178
9069,E04179
9070,E04185
9072,E04191
9073,E04197
9074,E04327
9075,E04334
9076,E04198
9077,E04180
9078,E04199
9081,E04158
9082,E04159
9083,E04160
9085,E04161
9086,E04111
9087,E04354
9101,E04235
9104,E04236
9107,E04237
9110,E04239
9113,E04240
9115,E04242
9119,E04243
9127,E04246
9130,E04251
9132,E04238
9133,E04267
9171,E04254
9173,E04256
9176,E04244
9179,E04269
9180,E04270
9193,E04336
9201,E04272
9202,E04273
9204,E04279
9206,E26084
9232,E04340
9233,E04275
9301,E04283
9302,E04284
9303,E04285
9304,E04286
9305,E04291
9306,E04287
9307,E04294
9308,E04288
9310,E04289
9311,E04323
9312,E04293
9313,E04296
9317,E04338
9318,E04298
9319,E04304
9320,E04308
9322,E04317
9324,E04290
9351,E04321
9353,E04322
9355,E04326
9357,E04328
9358,E04335
9359,E04330
9360,E04337
9361,E04339
9362,E04342
9363,E04247
9364,E04345
9365,E04346
9366,E04353
9367,E04356
9368,E04357
9369,E04213
9370,E04360
9373,E04361
9375,E04364
9376,E04365
9377,E04366
9380,E04329
9381,E04369
9384,E21799
9385,E21815
9386,E26869
9399,""
9401,E04375
9402,E04376
9404,E04410
9405,E04380
9407,E04382
9408,E04399
9409,E04414
9412,E04497
9413,E24545
9419,E26675
9421,E05570
9422,E05547
9423,E05528
9424,E04473
9425,E05481
9428,E05504
9432,E04430
9433,E04425
9435,E04948
9436,E04460
9437,E04463
9438,E05049
9439,E05055
9441,E03342
9444,E05137
9445,E04476
9446,E05181
9449,E05041
9470,E00707
9471,E00709
9474,E00717
9475,E00721
9476,E00723
9477,E00729
9478,E00728
9479,E00733
9501,E04498
9502,E04502
9503,E04499
9504,E04504
9505,E04503
9506,E04501
9507,E04505
9508,E04506
9509,E04500
9511,E04509
9513,E04510
9514,E05470
9531,E04514
9532,E04520
9533,E04517
9534,E04511
9535,E04521
9536,E04523
9537,E04519
9539,E04515
9540,E04518
9541,E04531
9542,E04532
9543,E04516
9544,E04533
9600,E04919
9601,E04582
9602,E04583
9603,E04358
9605,E04585
9607,E04586
9608,E04918
9610,E04916
9612,E04914
9613,E04911
9616,E04908
9619,E04904
9621,E04903
9622,E04902
9624,E04900
9625,E04899
9627,E04896
9628,E04895
9629,E04894
9631,E04588
9632,E04599
9633,E04589
9635,E04591
9636,E04592
9637,E04593
9638,E04891
9639,E04890
9640,E04889
9641,E04888
9643,E04596
9644,E04887
9647,E04884
9648,E04881
9651,E04873
9656,E04693
9657,E04870
9658,E04869
9661,E04606
9663,E04867
9664,E04609
9671,E04602
9672,E04603
9674,E04607
9675,E00033
9678,E04862
9679,E04691
9680,E04860
9681,E04605
9682,E04861
9684,E04859
9685,E04858
9686,E04857
9687,E04856
9691,E04855
9692,E04853
9695,E04576
9696,E04850
9697,E02417
9698,E04849
9699,E04848
9701,E04535
9702,E04846
9704,E04538
9706,E03863
9707,E04844
9708,E04539
9709,E04841
9713,E04540
9715,E04837
9716,E04835
9717,E04834
9719,E04830
9720,E04566
9722,E04560
9723,E04550
9726,E04348
9728,E04828
9729,E04826
9731,E04754
9733,E04824
9734,E04763
9735,E04773
9736,E04774
9739,E04952
9740,E04799
9742,E04803
9743,E00208
9744,E04804
9746,E04807
9747,E04808
9748,E04809
9749,E04810
9753,E04815
9755,E04816
9757,E04817
9758,E04820
9759,E04822
9760,E04823
9761,E04800
9763,E04777
9764,E00116
9765,E04764
9766,E01956
9767,E00187
9768,E04795
9769,E04796
9776,E04950
9778,E04941
9780,E04944
9782,E04940
9783,E04939
9787,E04874
9788,E04934
9790,E04933
9791,E04932
9792,E04930
9793,E04931
9795,E04925
9797,E04924
9799,E04920
9810,E02640
9812,E03169
9814,E02736
9816,E02738
9818,E02739
9819,E03171
9820,E02740
9823,E03173
9824,E02742
9826,E03174
9827,E02743
9828,E03176
9829,E03175
9830,E02701
9831,E03139
9832,E03138
9835,E03141
9836,E02702
9837,E02703
9842,E02706
9843,E03144
9845,E02708
9846,E03146
9849,E02711
9850,E03145
9852,E02712
9853,E03147
9854,E03148
9855,E03149
9856,E02714
9857,E02713
9861,E03153
9866,E03155
9867,E02718
9869,E02719
9870,E02720
9872,E02722
9873,E03157
9876,E03163
9878,E03160
9880,E02724
9882,E02735
9883,E02725
9885,E02727
9887,E03164
9888,E02728
9889,E02729
9890,E03166
9892,E02730
9895,E01686
9896,E02732
9898,E02734
9899,E03095
9900,E03178
9902,E02745
9903,E03179
9904,E03181
9906,E02747
9908,E02749
9909,E02750
9913,E02752
9914,E02753
9919,E03184
9922,E02755
9924,E03189
9927,E03186
9928,E04877
9929,E02759
9930,E01398
9931,E03191
9932,E02760
9934,E02761
9936,E03193
9941,E02762
9942,E03196
9943,E03197
9945,E03200
9946,E03188
9948,E03199
9949,E03201
9950,E03202
9955,E02765
9956,E03207
9957,E02766
9959,E03208
9960,E02769
9962,E02770
9963,E02771
9964,E01297
9966,E03211
9967,E02772
9969,E03213
9972,E02774
9973,E02775
9974,E03216
9975,E03218
9976,E03219
9977,E03220
9978,E03221
9979,E03223
9980,E00609
9982,E02776
9983,E03217
9984,E02778
9986,E02779
9987,E02780
9989,E03226
9990,E03225
9991,E02782
9992,E02784
9993,E03228
9994,E03227
9995,E02785
9996,E02786
9997,E03229
